<?xml version="1.0" encoding="UTF-8"?>
<project-private xmlns="http://www.netbeans.org/ns/project-private/1">
    <editor-bookmarks xmlns="http://www.netbeans.org/ns/editor-bookmarks/2" lastBookmarkId="0"/>
    <open-files xmlns="http://www.netbeans.org/ns/projectui-open-files/2">
        <group>
            <file>file:/C:/Users/HP/Documents/NetBeansProjects/hostelmanagementsystem/src/hostelmanagementsystem/LeavedStudents.java</file>
            <file>file:/C:/Users/HP/Documents/NetBeansProjects/hostelmanagementsystem/src/hostelmanagementsystem/home.java</file>
            <file>file:/C:/Users/HP/Documents/NetBeansProjects/hostelmanagementsystem/src/hostelmanagementsystem/NewStudent.java</file>
            <file>file:/C:/Users/HP/Documents/NetBeansProjects/hostelmanagementsystem/src/hostelmanagementsystem/AllStudentsLiving.java</file>
            <file>file:/C:/Users/HP/Documents/NetBeansProjects/hostelmanagementsystem/src/hostelmanagementsystem/NewEmployee.java</file>
            <file>file:/C:/Users/HP/Documents/NetBeansProjects/hostelmanagementsystem/src/hostelmanagementsystem/StudentFees.java</file>
            <file>file:/C:/Users/HP/Documents/NetBeansProjects/hostelmanagementsystem/src/hostelmanagementsystem/EmployeePayment.java</file>
            <file>file:/C:/Users/HP/Documents/NetBeansProjects/hostelmanagementsystem/src/hostelmanagementsystem/UpdateDeleteStudents.java</file>
            <file>file:/C:/Users/HP/Documents/NetBeansProjects/hostelmanagementsystem/src/hostelmanagementsystem/UpdateDeleteEmployee.java</file>
            <file>file:/C:/Users/HP/Documents/NetBeansProjects/hostelmanagementsystem/src/hostelmanagementsystem/AllEmployeeWorking.java</file>
            <file>file:/C:/Users/HP/Documents/NetBeansProjects/hostelmanagementsystem/src/hostelmanagementsystem/ManageRoom.java</file>
            <file>file:/C:/Users/HP/Documents/NetBeansProjects/hostelmanagementsystem/src/hostelmanagementsystem/LeavedEmployee.java</file>
            <file>file:/C:/Users/HP/Documents/NetBeansProjects/hostelmanagementsystem/src/hostelmanagementsystem/Hostelmanagementsystem.java</file>
            <file>file:/C:/Users/HP/Documents/NetBeansProjects/hostelmanagementsystem/src/hostelmanagementsystem/login.java</file>
        </group>
    </open-files>
</project-private>
